"prefix","occurrence","percentage"
32,15,41.6666666666667
33,6,16.6666666666667
35,2,5.55555555555556
44,7,19.4444444444444
48,6,16.6666666666667
