"prefix","occurrence","percentage"
32,13,76.4705882352941
48,4,23.5294117647059
