"prefix","occurrence","percentage"
33,4,66.6666666666667
40,2,33.3333333333333
